PINNED:Game won't start,k1mon,0,"[b]For players with 10th Gen Intel CPUs or newer (11, 12, 13, etc.):[\/b]\n[olist]\n    [*]Open the System menu in Settings with \u229e Win+Pause\n    [*]Select Advanced system settings\n    [*]In the new System properties window, select the Advanced tab and click the Environment Variables button\n    [*]In the System variables section, click the New button and enter these values:\nVariable name: OPENSSL_ia32cap\nVariable value: :~0x20000000\n    [*]Reboot or sign out\/sign in.\n[\/olist]\n\n[b]For all other CPUs or if the above didn't work:[\/b]\n\nPlease try disconnecting your internet or blocking the game's internet access through your firewall, and the game should launch normally.\n\nTo do the second:\n[olist]\n    [*]Select the Start menu, type Allow an app through Windows Firewall, and from the list of results, scroll down to Hello Neighbor\n    [*]Select Change settings. You might be asked for an administrator password or to confirm your choice\n    [*]To remove an app, clear the check box next to the app, and then select OK\n    [*]Start the game and press Cancel when prompted by Windows to add it to the Firewall exceptions\n[\/olist]\n\nThis should also work with and without mods, so if you are playing with mods, please make sure the ones you want to use are subscribed to\/downloaded before you can disconnect your internet connection.\n\n[b]If nothing of the above resolves the crash on launch for you[\/b], please refer to the rest of our [url=https:\/\/tinybuildgames.zendesk.com\/hc\/en-us\/categories\/5763416387988-Troubleshooting] Troubleshooting articles [\/url], or contact our [url=https:\/\/tinybuildgames.zendesk.com\/hc\/en-us\/requests\/new] Player Support [\/url].",https://steamcommunity.com/app/521890/discussions/1/3318611373470607839/
PINNED:Troubleshooting & Sharing Corrupted Save Files,Cutecutecute,10,"Hi there!\n\nA troubleshooting guide for common issues is here: https:\/\/tinybuildgames.zendesk.com\/hc\/en-us\n\nIf this doesn't help, please post a thread on the forum. We're reading all of them.\n\nIf you had a save file corruption issue, please send your save file via Submit a request form in our Help Center.\n\nThe save file is located at ..\\users\\username\\AppData\\Local\\HelloNeighbor\\SaveGames",https://steamcommunity.com/app/521890/discussions/1/3318610798937638616/
Game crashes when i open the game pls help,Oprion,5,"LowLevelFatalError [File:Unknown] [Line: 251]\nResult failed\nat\nc:\\work\\.git\\UE4_20\\Engine\\Source\\Runtime\\Windows\\D3D11RHI\\Privat\ne\\D3D11Viewport.cpp:304\nwith error E_FAIL\n\nim opening game and i saw this all times,I verified file integrity ,i deleted game 3 times, but still doesn't work, what am i suppose to do ?",https://steamcommunity.com/app/521890/discussions/1/3830916907604491475/
Audio,moony,0,"I've had this bug just now where I paused the game, I've heard how neighbor was walking on the grass. Unpaused it, and sound still was there even tho he wasn't walking on the grass. And it never stopped. I decided to relaunch the game, and sound continued even in main menu, and stopped in 5 sec after I closed the game",https://steamcommunity.com/app/521890/discussions/1/4039229582009739165/
Не запускается игра,Nikolaich,22,"\u0421\u0435\u0433\u043e\u0434\u043d\u044f \u043a\u0443\u043f\u0438\u043b \u0438\u0433\u0440\u0443, \u0443\u0441\u0442\u0430\u043d\u043e\u0432\u0438\u043b, \u043d\u0430\u0436\u0438\u043c\u0430\u044e \u0438\u0433\u0440\u0430\u0442\u044c \u0434\u0430\u043b\u044c\u0448\u0435 \u043f\u043e\u044f\u0432\u043b\u044f\u0435\u0442\u0441\u044f \u0437\u0430\u0441\u0442\u0430\u0432\u043a\u0430 \u0441 \u0447\u0430\u0441\u0430\u043c\u0438 \u043d\u0430 3-5 \u0441\u0435\u043a\u0443\u043d\u0434 \u0438 \u0438\u0433\u0440\u0430 \u0432\u044b\u043b\u0435\u0442\u0430\u0435\u0442. \u0427\u0442\u043e \u0434\u0435\u043b\u0430\u0442\u044c \u0438 \u043a\u0430\u043a \u043f\u043e\u0438\u0433\u0440\u0430\u0442\u044c?",https://steamcommunity.com/app/521890/discussions/1/3945776779137512246/
Модификации в Hello Neighbor,Memento Mori,0,"\u0412\u0441\u0435 \u043c\u043e\u0434\u0438\u0444\u0438\u043a\u0430\u0446\u0438\u0438, \u043a\u043e\u0442\u043e\u0440\u044b\u0435 \u044f \u0443\u0441\u0442\u0430\u043d\u0430\u0432\u043b\u0438\u0432\u0430\u043b \u0443\u0434\u0430\u043b\u0438\u043b\u0438\u0441\u044c \u043f\u043e\u0441\u043b\u0435 \u043f\u0435\u0440\u0435\u0443\u0441\u0442\u0430\u043d\u043e\u0432\u043a\u0438 \u0441\u0430\u043c\u043e\u0433\u043e \u0441\u043e\u0441\u0435\u0434\u0430, \u0447\u0442\u043e \u0434\u0435\u043b\u0430\u0442\u044c",https://steamcommunity.com/app/521890/discussions/1/5971271978944050219/
Не запускается игра,Nikolaich,0,"\u0421\u0435\u0433\u043e\u0434\u043d\u044f \u043a\u0443\u043f\u0438\u043b \u0438\u0433\u0440\u0443, \u0443\u0441\u0442\u0430\u043d\u043e\u0432\u0438\u043b, \u043d\u0430\u0436\u0438\u043c\u0430\u044e \u0438\u0433\u0440\u0430\u0442\u044c \u0434\u0430\u043b\u044c\u0448\u0435 \u043f\u043e\u044f\u0432\u043b\u044f\u0435\u0442\u0441\u044f \u0437\u0430\u0441\u0442\u0430\u0432\u043a\u0430 \u0441 \u0447\u0430\u0441\u0430\u043c\u0438 \u043d\u0430 3-5 \u0441\u0435\u043a\u0443\u043d\u0434 \u0438 \u0438\u0433\u0440\u0430 \u0432\u044b\u043b\u0435\u0442\u0430\u0435\u0442. \u0427\u0442\u043e \u0434\u0435\u043b\u0430\u0442\u044c \u0438 \u043a\u0430\u043a \u043f\u043e\u0438\u0433\u0440\u0430\u0442\u044c?",https://steamcommunity.com/app/521890/discussions/1/3945776362355449042/
Game crashes on startup,King of Silly,13,"Just bought (less than 30 min ago), crashes when showing the Clock icon, i have accepted the permissions needed",https://steamcommunity.com/app/521890/discussions/1/3807282258515271134/
Проблема с игрой hello neighbor,_kaplya_,2,"\u041f\u0440\u0438 \u0437\u0430\u043f\u0443\u0441\u043a\u0435 \u0438\u0433\u0440\u0430 \u0444\u0440\u0438\u0437\u0438\u0442 \u0430 \u043d\u0430 \u044d\u043a\u0440\u0430\u043d\u0435 \u0441 \u043d\u0430\u0434\u043f\u0438\u0441\u044c\u044e tinybuild \u0438\u0433\u0440\u0430 \u0437\u0430\u0432\u0438\u0441\u0430\u0435\u0442 \u0438 \u0434\u0430\u043b\u044c\u0448\u0435 \u043d\u0435 \u0440\u0430\u0431\u043e\u0442\u0430\u0435\u0442, \u043f\u0440\u0438 \u044d\u0442\u043e\u043c \u043c\u0443\u0437\u044b\u043a\u0430 \u0438\u0434\u0451\u0442 \u0438 \u0435\u0441\u0442\u044c \u0437\u0432\u0443\u043a \u0447\u0430\u0441\u043e\u0432. \u0412 \u0434\u0438\u0441\u043f\u0435\u0447\u0435\u0440\u0435 \u0437\u0430\u0434\u0430\u0447 \u043d\u0430\u043f\u0438\u0441\u0430\u043d\u043d\u043e \u0447\u0442\u043e \u0438\u0433\u0440\u0430 \u043d\u0435 \u043e\u0442\u0432\u0435\u0447\u0430\u0435\u0442. \u0421\u0442\u0430\u043b\u043a\u043d\u0443\u043b\u0441\u044f \u0441 \u043f\u0440\u043e\u0431\u043b\u0435\u043c\u043e\u0439 \u043f\u043e\u0441\u043b\u0435 \u043f\u0435\u0440\u0443\u0441\u0442\u0430\u043d\u043e\u0432\u043a\u0438 \u0438\u0433\u0440\u044b \u043f\u0435\u0440\u0435\u0443\u0441\u0442\u0430\u043d\u043e\u0432\u0438\u043b \u0435\u0449\u0435 \u0440\u0430\u0437 \u043d\u0435 \u043f\u043e\u043b\u0443\u0447\u0438\u043b\u043e\u0441\u044c \u0440\u0435\u0448\u0438\u0442\u044c \u043f\u0440\u043e\u0448\u0443 \u043f\u043e\u043c\u043e\u0447\u044c.",https://steamcommunity.com/app/521890/discussions/1/3874840863853225049/
When I play the game the tab for it is small but then I try to fullscreen it but then when I do it makes everything in the game blurry and some more weird problems,spencerkes2011,1,Can anyone tell me why the game is doing this?w,https://steamcommunity.com/app/521890/discussions/1/3880470997347664952/
AÇILMIYOR,BneLevo,5,oyunu a\u00e7\u0131yorum saat \u00e7\u0131k\u0131yor sonra oyundan at\u0131yor nas\u0131l \u00e7\u00f6zebilirim,https://steamcommunity.com/app/521890/discussions/1/3824172831334090141/
"Hello Neighbor inicia el juego pero no me dejar dar ""Enter"" para iniciar el menu",Paulodybala21,1,"Hola buenas, compre Hello Neighbor 1, el juego inicia, pero solo llega hasta donde me pide presionar enter y presion\u00f3 enter pero no deja avanzar",https://steamcommunity.com/app/521890/discussions/1/6266252158289388849/
the game doesn't open,Vini,1,the game doesn't open,https://steamcommunity.com/app/521890/discussions/1/6266252158287826676/
Игра не сразу-же вылетает что делать?,нагетс,1,"\u043f\u0440\u043e\u0445\u043e\u0434\u0438\u0442 \u0447\u0435\u0440\u043d\u044b\u0439 \u0444\u043e\u043d \u0441 \u0447\u0430\u0441\u0430\u043c\u0438 \u0438 \u0432\u0441\u0435, \u0438\u0433\u0440\u0430 \u0432\u044b\u043b\u0435\u0442\u0430\u0435\u0442",https://steamcommunity.com/app/521890/discussions/1/6266252158287826331/
Cannot Play Game Because Network.,TheBiongBhon688,1,"I read the devs message but its probably because i have a LAPTOP, A ACER LAPTOP.",https://steamcommunity.com/app/521890/discussions/1/6266252158287824552/
Помогите с решение проблемы!!!,MAO,2,\u043f\u0440\u0438 \u0437\u0430\u043f\u0443\u0441\u043a\u0435 \u0438\u0433\u0440\u044b \u0438\u0433\u0440\u0430 \u0437\u0430\u0433\u0440\u0443\u0436\u0430\u0435\u0442\u0441\u044f \u0430 \u043f\u043e\u0442\u043e\u043c \u0441\u0430\u043c\u0430\u0436\u0435 \u0437\u0430\u043a\u0440\u044b\u0432\u0430\u0435\u0442\u0441\u044f \u0431\u0435\u0437 \u043e\u0448\u0438\u0431\u043a\u0438,https://steamcommunity.com/app/521890/discussions/1/6266252158287822838/
Игра сразу-же вылетает что делать?,нагетс,4,"\u043f\u0440\u043e\u0445\u043e\u0434\u0438\u0442 \u0447\u0435\u0440\u043d\u044b\u0439 \u0444\u043e\u043d \u0441 \u0447\u0430\u0441\u0430\u043c\u0438 \u0438 \u0432\u0441\u0435, \u0438\u0433\u0440\u0430 \u0432\u044b\u043b\u0435\u0442\u0430\u0435\u0442",https://steamcommunity.com/app/521890/discussions/1/6266252158287823617/
The Neighbor flies,Diavol X,0,I was playing I wanted to burgle the neighbor's house in act 1 but the neighbor took (I didn't know he could do that) the TV so I heard strange sounds and I started seeing the Neighbor flying holding the TV the problem was that the last time that I made him fly away because he kicked an armchair while he was on it and started flying so far that he fell off the map and the game crashed. so he was now under the map and was slowly going down until the game crashed but luckily he had grabbed me first and brought me to the neighbor's nightmare so the game had automatically saved and when it crashed I was back at the same point I entered the house I took the bucket and before he went to where the TV is I took it away from him,https://steamcommunity.com/app/521890/discussions/1/6266251726415120397/
Mods dont appear ingame,Maximos Ve,0,"I install mods but they do not appear ingame. I checked the mods folder and the mods are installed, but does not appear ingame",https://steamcommunity.com/app/521890/discussions/1/6266251726412088614/
How do I fix this,GooberGaming,2,I wanted to play hello neighbor but for some reason when I started it all of the screen things like the menu is a bit small but the games main screen is not small so how do I fix this,https://steamcommunity.com/app/521890/discussions/1/6266252158287827291/
crash,MYSTIC,1,des que je lance mon jeu il se ferme,https://steamcommunity.com/app/521890/discussions/1/3824172831338036859/
Game won't start,cat_man3000,6,\u043f\u043e\u0447\u0435\u043c\u0443 \u0443 \u043c\u0435\u043d\u044f \u0437\u0430\u043a\u0440\u044b\u0432\u0430\u0435\u0442\u0441\u044f \u0438\u0433\u0440\u0430 \u043f\u043e\u0441\u043b\u0435 \u043d\u0435\u0441\u043a\u043e\u043b\u043a\u0438\u0445 \u0441\u0435\u043a\u0443\u043d\u0434 \u043e\u0442\u043a\u0440\u0438\u0442\u0438\u044f?\n \nWhy do it close the game after a few seconds of opening?,https://steamcommunity.com/app/521890/discussions/1/3824172831334096108/
Got so many Crashes at Act 3,L00n4tic,1,"\u2665\u2665\u2665\u2665\u2665\u2665\u2665\u2665 i got so many crashes in act 3 , anyone else and try to fix it?",https://steamcommunity.com/app/521890/discussions/1/3824172831334087349/
cant play,ernestoper34,5,when i click the play it dosnt let me play it just kicks me out,https://steamcommunity.com/app/521890/discussions/1/3807282258515274752/
Inputs not working on title screen,NormireX,0,Game gets to title screen but none of the keyboard keys do anything nor does any buttons on a controller.,https://steamcommunity.com/app/521890/discussions/1/3807282428860076815/
HELP ME MY GAME IS HAVING A PROBLEM,Burger Cat.,4,"WHEN I START IT SAYS \""failed to load plugin\"" Then it shows 3 mods Second problem After I Start It Freezes At TinyBuild I NEED HELP",https://steamcommunity.com/app/521890/discussions/1/5782106519346462670/
i can't play,radicalrippley,6,"when i start the game it says \""files corrupted, please verify installations\"" then i get a black screen. if anyone knows how to fix that please tell me !!!",https://steamcommunity.com/app/521890/discussions/1/3811780955331404996/
Crashes,gdyeetus,3,"Once The Main Menu Loads, The Game Crashes.\nHow Do I Fix It?",https://steamcommunity.com/app/521890/discussions/1/3811780955331408994/
All the Keys don't open thd doors,mario.primo,0,with any key I try to open the respective doors they do not work,https://steamcommunity.com/app/521890/discussions/1/3834298505958547542/
help me pls,Emir,4,"I was able to open this game on my old computer, but I switched to a new and better computer, but it doesn't open anymore, when I try to open the game, it closes on the loading screen, please help",https://steamcommunity.com/app/521890/discussions/1/3829793451745894786/
"Help! When I try to run Hello Neighbor, It opens the tab then stops running!",Lil Sebs,4,try to run but closes the tab,https://steamcommunity.com/app/521890/discussions/1/3827541017493401031/
Crash,7002tsd,1,"When I open the game, it stays in the screen of the clock loading (the first loading screen) and then it crashes. Someone knows what could it be?",https://steamcommunity.com/app/521890/discussions/1/3827540383542423966/
HELP HELP HELP!,QutisBrutus,10,"HELP, I PLAYED HELLO NEIGHBOR ON ANOTHER MONITOR AND NOW THE RESOLUTION IS STUCK ON 1280 x 720 AND THAT IS THE MAX RESOLUTION HEEEEEEEEEEEEEEEEEEEEEEEEEEEEEEEEEEEEELP!!!!!!!!",https://steamcommunity.com/app/521890/discussions/1/3765607648969885585/
Запуск игры,ЛиАЗ 5256.53,1,"\u0417\u0434\u0440\u0430\u0432\u0441\u0442\u0432\u0443\u0439\u0442\u0435, \u0440\u0430\u0437\u0440\u0430\u0431\u043e\u0442\u0447\u0438\u043a\u0438. \u0417\u0440\u044f \u0443 \u0432\u0430\u0441 \u043a\u0443\u043f\u0438\u043b \u0438\u0433\u0440\u0443! \u0417\u0430\u043f\u0443\u0441\u043a\u0430\u044e \u0438\u0433\u0440\u0443, \u0447\u0430\u0441\u0438\u043a\u0438 \u043d\u0430\u0447\u0438\u043d\u0430\u044e\u0442 \u043a\u0440\u0443\u0442\u0438\u0442\u044c\u0441\u044f, \u0430 \u0437\u0430\u0442\u0435\u043c \u0441\u0440\u0430\u0437\u0443 \u0432\u044b\u043b\u0435\u0442\u0430\u0435\u0442. \u041f\u043e\u0434\u0441\u043a\u0430\u0436\u0438\u0442\u0435, \u0447\u0442\u043e \u043c\u043d\u0435 \u0434\u0435\u043b\u0430\u0442\u044c \u0432 \u044d\u0442\u043e\u0439 \u0441\u0438\u0442\u0443\u0430\u0446\u0438\u0438.",https://steamcommunity.com/app/521890/discussions/1/6169410992325497021/
Game does not start,pataklapat,4,I've been trying to launch this game and unfortunately no luck.,https://steamcommunity.com/app/521890/discussions/1/3826410479313363037/
yapacağınız oyunun damına sarkayım,ahmijumping,2,bu mk oyununa para \u00f6dediysem neden korsan oyun oynar gibi wi-fi yi kapatmam gerekiyor,https://steamcommunity.com/app/521890/discussions/1/3828664382482899541/
audio does not work properly,RANGOD,0,every time I press escape i can hear a little *pip* but aside from that there is no game audio. I have restarted the game and my computer as well as messing with audio settings but to no avail. I am genuinely surprised there is no audio settings menu in this game,https://steamcommunity.com/app/521890/discussions/1/3828664145919398933/
when i click play the game is closing,bigwik,1,I only want to play the hello neighbor :(,https://steamcommunity.com/app/521890/discussions/1/5769715023489938382/
I lost item to pass the game,Karlo178,0,When I was putting globe in frige its just disapear or something.,https://steamcommunity.com/app/521890/discussions/1/3820781363201156931/
please help,korybrice,2,When i play it says game has crashed and will close it also says its because of a hello_billy mod so i uninstalled hello billy but did not work is it a file or something someone or tiny build or dynamic pixles please help,https://steamcommunity.com/app/521890/discussions/1/5675129542145308739/
game will not load my previous saved files.,mad_dog_griffey,1,"i just built a new computer after selling my old one a couple months ago, all my old games have no problem loading my last saved data from said couple months ago but after reinstalling hello neighbor it wont load any of my previous saves and wants me to start a new game. is there a way to force sync from steam or am i just out the progress ive made? thanks for any and all help.",https://steamcommunity.com/app/521890/discussions/1/3782499798639659966/
My game don't work,MixowwYT,3,"When i try to open Hello Neighbor it don't open and show this:\n---------------------------\nMessage (name of the window)\n---------------------------\nPlugin 'AppleARKit' failed to load because module 'AppleARKit' could not be found.  Please ensure the plugin is properly installed, otherwise consider disabling the plugin for this project.\n---------------------------\nOK   (button)\n---------------------------",https://steamcommunity.com/app/521890/discussions/1/3787002719318627697/
Как пофиксить игру?,デンチョー,1,"\u041a\u0430\u043a \u043f\u043e\u0444\u0438\u043a\u0441\u0438\u0442\u044c \u0447\u0442\u043e \u043d\u0435 \u043c\u043e\u0433\u0443 \u0438\u0433\u0440\u0430\u0442\u044c \u0432 \u0438\u0433\u0440\u0443 \u043a\u043e\u0433\u0434\u0430 \u0432\u043a\u043b\u044e\u0447\u0435\u043d \u0438\u043d\u0442\u0435\u0440\u043d\u0435\u0442 (\u0438\u0433\u0440\u0430 \u043f\u0440\u043e\u0441\u0442\u043e \u043d\u0435 \u0437\u0430\u043f\u0443\u0441\u043a\u0430\u0435\u0442\u044c\u0441\u044f). \u0427\u0442\u043e\u0431\u044b \u0437\u0430\u0439\u0442\u0438 \u043d\u0443\u0436\u043d\u043e \u0432\u043a\u043b\u044e\u0447\u0438\u0442\u044c \u0438\u043d\u0442\u0435\u0440\u043d\u0435\u0442, \u043d\u043e \u0435\u0441\u043b\u0438 \u043f\u043e\u0442\u043e\u043c \u0432\u043a\u043b\u044e\u0447\u0438\u0442\u044c \u0435\u0433\u043e \u043f\u0440\u0438 \u043f\u0435\u0440\u0432\u043e\u043c \u0441\u043b\u043e\u043c\u0430\u043d\u043d\u043e\u043c \u043e\u043a\u043d\u0435 \u043e\u043d\u0430 \u043a\u0440\u0430\u0448\u043d\u0435\u0442. \u041a\u0430\u043a \u043f\u043e\u0447\u0438\u043d\u0438\u0442\u044c?",https://steamcommunity.com/app/521890/discussions/1/3787002719315078610/
deseo rembolso,nachonadalnachet,2,"me pillle el juego ayer no me funciona exactamente bien y hoy e porbado a entrar en l videojuego y no ,e carga y no hay ninguna manera de entrar no se por que es esto pero deseo mi dinero de vuelta dado que solo pude superar tanto com l acto 1 como el 2",https://steamcommunity.com/app/521890/discussions/1/3777994854961241006/
игра вылетает сразу же,поп смоук,1,"\u044f \u043a\u0443\u043f\u0438\u043b \u0438\u0433\u0440\u0443, \u0437\u0430\u0445\u043e\u0436\u0443 \u0432 \u043d\u0435\u0435, \u0438 \u043e\u043d\u0430 \u0441\u0440\u0430\u0437\u0443 \u0436\u0435 \u0432\u044b\u043b\u0435\u0442\u0430\u0435\u0442, \u0447\u0442\u043e \u0434\u0435\u043b\u0430\u0442\u044c?",https://steamcommunity.com/app/521890/discussions/1/3765608728347609204/
Hello Neighbor No abre,pessimistboy,3,Cada vez que apreto jugar el juego se abre y al pasado pocos segundos se cierra automaticamente . Alguno me pueda dar una solucion?,https://steamcommunity.com/app/521890/discussions/1/3734079155596354874/
please help,engineer (!!!!!!11!!!1),0,hello neighbor modkit crashes when clicking play,https://steamcommunity.com/app/521890/discussions/1/3765607648970407837/
please help,engineer (!!!!!!11!!!1),0,hello neighbor modkit crashes when clicking play,https://steamcommunity.com/app/521890/discussions/1/3765607648976759603/
game crashes after launching,Shadow_NZ,11,i load up hello neighbor and it crashes on the loading screen,https://steamcommunity.com/app/521890/discussions/1/3721693063165578373/
help i cant see my mods i download in modding,ADBat,0,help please,https://steamcommunity.com/app/521890/discussions/1/3734079567820261005/
Max Resolution of 1600x900..,Lior Raines,4,"The game is giving me resolution of 1600x900 as a limit, how can I fix it to 1920x1080? (I don't have the option in the settings of the game to make the resolution above 1600x900)",https://steamcommunity.com/app/521890/discussions/1/5675129542144916588/
juego se cierra al iniciarlo,adolfo_saiz,1,"El juego se cierra al iniciarlo no se que problema puede haber, he probado a verificar los archivos locales pero no se soluciona.\nAlguien podr\u00eda darme una soluci\u00f3n?\nGracias",https://steamcommunity.com/app/521890/discussions/1/3734078642256965004/
I cant put items on shopping car please help me,alp20006,2,I really cant put any item on shopping cart and the puppets folling then time limit I get mad Im not a bad player but when I try to put items on car items are flying,https://steamcommunity.com/app/521890/discussions/1/3717188244462751246/
cant open hello neighbor?,mags.smith10,9,whenever i  try to lunch the game it wont open cane any one help?,https://steamcommunity.com/app/521890/discussions/1/3600094457161818001/
MENU BUG,mapuche jujeño,0,"I can't move in the menu, i just can click enter and esc.\nI want to start a new game.",https://steamcommunity.com/app/521890/discussions/1/3721693063165585948/
Игра вылетает и не запускается с интернетом.,Taco Bell,3,"\u0417\u0434\u0440\u0430\u0432\u0441\u0442\u0432\u0443\u0439\u0442\u0435,\u043c\u043e\u0436\u0435\u0442\u0435 \u043f\u043e\u0436\u0430\u043b\u0443\u0439\u0441\u0442\u0430 \u043f\u043e\u0434\u0441\u043a\u0430\u0437\u0430\u0442\u044c.\u041a\u043e\u0433\u0434\u0430 \u044f \u0437\u0430\u043f\u0443\u0441\u043a\u0430\u044e \u0438\u0433\u0440\u0443 \u0442\u043e \u043d\u0430 \u0444\u043e\u043d\u0435 \u0442\u0438\u043a\u0430\u044e\u0442 \u0447\u0430\u0441\u044b \u0438 \u0432\u044b\u043b\u0435\u0442\u0430\u0435\u0442 \u0430 \u0431\u0435\u0437 \u0438\u043d\u0442\u0435\u0440\u043d\u0435\u0442\u0430 \u0432\u0441\u0435 \u043f\u0440\u0435\u043a\u0440\u0430\u0441\u043d\u043e \u0440\u0430\u0431\u043e\u0442\u0430\u0435\u0442.",https://steamcommunity.com/app/521890/discussions/1/3721692478274642301/
game wont start,Evenstar,4,"I have wanted to play this game forever, the concept sounds so fun, but.... I finally got it and it wont start, ill hold out for a few days hoping it gets fixed. the work arounds didnt seem to help",https://steamcommunity.com/app/521890/discussions/1/3721692478274643662/
Game Will Not Start,Deadly_Gamer,2,"I have recently purchased the game named Hello Neighbour, and started to download it. When it was finished downloading, I started to click on the game and showed the normal launching screen, but after a few minutes it kicks me out to my steam page, and does not launch the game. I have also tried to uninstall it, and reinstall it but still shows the same result. I also shut down my PC and did the same thing but still does not work. I have know idea why this is happening so if anyone knows on how to fix this, please let me know so I can play",https://steamcommunity.com/app/521890/discussions/1/3721692478274641488/
想问问怎么解决Hello Neighbor1的卡退问题,劈瓜摊老板的屑华强,1,\u5c31\u521a\u8fdb\u53bb\u52a0\u8f7d\u5c31\u5361\u9000\u51fa\u6765\u4e86\uff0c\u4e0d\u77e5\u9053\u662f\u4ec0\u4e48\u95ee\u9898,https://steamcommunity.com/app/521890/discussions/1/5230393378279360408/
НЕ ЗАПУСКАЕТСЯ HELLO NEIGHBOR,Natw1k,2,"\u043a\u0443\u043f\u0438\u043b \u0438\u0433\u0440\u0443, \u043d\u0435 \u0437\u0430\u043f\u0443\u0441\u043a\u0430\u0435\u0442\u0441\u044f. \u041d\u0430\u0436\u0438\u043c\u0430\u044e \u0438\u0433\u0440\u0430\u0442\u044c, \u0434\u043e\u0445\u043e\u0434\u0438\u0442 \u0434\u043e \u0437\u0430\u0433\u0440\u0443\u0437\u043a\u0438 \u0441 \u0431\u0443\u0434\u0438\u043b\u044c\u043d\u0438\u043a\u043e\u043c \u0438 \u043e\u0441\u0442\u0430\u043d\u0430\u0432\u043b\u0438\u0432\u0430\u0435\u0442\u0441\u044f, \u043f\u043e\u0442\u043e\u043c \u0432\u044b\u043b\u0435\u0442\u0430\u0435\u0442 \u0438 \u0437\u0430\u043a\u0440\u044b\u0432\u0430\u0435\u0442\u0441\u044f",https://steamcommunity.com/app/521890/discussions/1/3600094457165872955/
game launches then crashes,Concept,99,im on a 64 bit windows with core i9 11700f 32 gb ram and a 3060 ti. for some reason the 64 bit version doesnt work. i tried the 32 bit but mods dont work on it. can anyone help me get the 64 bit version working? it just opens and when the loading clock appears the game crashes,https://steamcommunity.com/app/521890/discussions/1/3367027031774582840/
pls help,ImLimb0,4,when i click select act or new game its crashes on the clock loading screen,https://steamcommunity.com/app/521890/discussions/1/3600094457161817759/
Can't open?,Kipaku,1,Anyone else not able to open the game? I've uninstalled and re-installed twice and it just starts up but then closes before I get to the menu..,https://steamcommunity.com/app/521890/discussions/1/3549427890058295374/
Hello Neighbor no abre...,HENRY_GAMER1221,2,"Ayuda gente. Al momento de abrir el juego, carga un rato luego se cierra. \u00bfAlguna idea de por qu\u00e9?",https://steamcommunity.com/app/521890/discussions/1/5350867208718711424/
beug,leonardo martinez,1,bonjour je vien d'acheter le jeu et quand je lance sa me fait quitter le jeu pk ?,https://steamcommunity.com/app/521890/discussions/1/5350867208718714442/
hello neighbor not working,budimand473,4,i need help! every time i opened hello neighbor game.it crashing!,https://steamcommunity.com/app/521890/discussions/1/5350867208718713858/
не запускается HELLO NIEGHBOR,_TOSVA_,1,\u043a\u043e\u0433\u0434\u0430 \u044f \u0437\u0430\u0445\u043e\u0436\u0443 \u0432 \u0438\u0433\u0440\u0443 \u0443 \u043c\u0435\u043d\u044f \u0441\u0440\u0430\u0437\u0443 \u0436\u0435 \u0432\u044b\u043b\u0435\u0442\u0430\u0435\u0442 \u0438 \u043d\u0435 \u043d\u0435 \u043e\u0434\u043d\u043e\u0439 \u043e\u0448\u0438\u0431\u043a\u0438 \u043f\u0440\u043e\u0441\u0442\u043e \u0432\u044b\u043b\u0435\u0442\u0430\u0435\u0442 \u0438 \u0432\u0441\u0435 \u0447\u0442\u043e \u0434\u0435\u043b\u0430\u0442\u044c \u043f\u043e\u043c\u043e\u0433\u0438\u0442\u0435,https://steamcommunity.com/app/521890/discussions/1/5350867208718691984/
Hello Neighbor crash when loading the game,DAYVUUN,5,"Think I found the fix to this... Before you boot this game up, ensure that you have the Epic Games Launcher downloaded and updated.  Find Hello Neighbor in your steam library, right click and hit properties, hit local files, then browse. Look for the Engine folder, then find the Extras folder, next go into the Redist folder, then the en-us folder. You will see something called UE4PrereqSetup_x64, double click it and ensure that you also have this downloaded before opening up the game. \n\nAfter ensuring that you have all of that done, type env into your windows search bar and find ~Edit the system environment variables~. Make sure you are in the Advanced tab and at the bottom right you will see Environment Variables, click it. NOW MAKE SURE YOU ARE UNDER System variables and hit New... \n\nFor the Variable name: OPENSSL_ia32cap\nFor the Variable value: ~0x20000000\n\nHit Save and this should fix the problem. If it still isn't working, try running the game at a lower frame rate. Had another game that was crashing on me and this fixed the game as well. Hope this helps out.",https://steamcommunity.com/app/521890/discussions/1/3318611373470443399/
Crashing on launch [Windows],Hellarious,2,Its crashing when i'm just trying to start it. No error message. Please help,https://steamcommunity.com/app/521890/discussions/1/3385043165904873889/
Not starting,Green,2,I click to install the game the download bar shows up then it goes away? anyone know how to fix this?,https://steamcommunity.com/app/521890/discussions/1/3367027031792461701/
Can't open the game,Canaima,3,"When I try to play, I press the execute button on Steam, the game launches but 2 seconds later it automatically closes. Does somebody know why this happens?\u02d0steamsad\u02d0",https://steamcommunity.com/app/521890/discussions/1/3367027031792462554/
My Game Hello neigbouhr crashed after starting?,Caps,1,"I recently checked out Hello neighbor on Steam\nbought and after i installed it,\nand then started it it crashed over and over again\nWhich is a shame because I really like this game.\nI really hope you can help me.\n\nSincerely, Dennis!",https://steamcommunity.com/app/521890/discussions/1/4650551739537357795/
Enter not working on first screen in main menu,Mi4i0,3,"After launching game is not recognize pressing Enter, but it's asking to press Enter for opening menu. Tried different keyboards, but result still the same",https://steamcommunity.com/app/521890/discussions/1/3425571923628814189/
"Fresh install of the game, crashes on launch",jammers,6,does anyone else have this issue? it crashes right after it launches. i never get past the black screen.,https://steamcommunity.com/app/521890/discussions/1/3425571923636382469/
screen tearing,SaulGoodman,1,I CANT TAKE IT IVE DONE EVERYTHING HOW DO I FIX,https://steamcommunity.com/app/521890/discussions/1/3425571923617389007/
please help,engineer (!!!!!!11!!!1),0,i'm working on a map for HN but the lighting on the map is broken and i tried building the lights but it does nothing,https://steamcommunity.com/app/521890/discussions/1/3318611373470444098/
Hello neighbor alpha 4 crash,zrod,3,After I was playing alpha 4 I changed it to alpha 2 and I went back on alpha 4mit just kept crashing please tell me if you know how to fix it\n,https://steamcommunity.com/app/521890/discussions/1/3318610798937640965/
Komme nd rein !,Jäsmen,1,"ich w\u00fcrde Wirklich gerne das spiel spielen, aber ich komme nd rein ! Es geht immer nur bis zur Uhr und dann werde ich rausgeschmissen !\u02d0steamsad\u02d0",https://steamcommunity.com/app/521890/discussions/1/3318610798937641780/
aiuto !,ERSAMBUCONEMOLINARI,0,non avvia il gioco anche facendo quello che steam consiglia,https://steamcommunity.com/app/521890/discussions/1/3318610798937642689/
help please??,untitledgoosegamer10,0,my game keeps crashing when i play act 3! the longest time i have gotten out of act 3 is 1 minute! I have tried restarting and it didn't work! please somebody help!!!,https://steamcommunity.com/app/521890/discussions/1/3318610798937643223/
issues with alpha access,Civil Servant Mk.II Scorch Shot,2,"Hello Neighbor Alpha access issues\nHi all, I'm new. Ive paid for the alpha access. So from what ive read its the pre purchase of full version when released and trial game and other content.\n\nGot a new laptop with windows 10. \nCan't get anything to load. \nDeleted and reinstalled 4 times. Cleared cache etc as directed from steam.\n\nAnyone able to help me?\nCheers",https://steamcommunity.com/app/521890/discussions/1/3318610798937644109/
Crash at the start,Jahim,6,"So i bought hello neighbor on steam and i can't turn it on. It shows me a screen with clock and then crashes. I know that i can unplug my internet cable but i want to watch youtube on second Screen. When i unplug cable then launch and then plug again game crashes when i crash the window, neighbor catches me etc. I don't want to reset my progress but if it will be only way i can do this.",https://steamcommunity.com/app/521890/discussions/1/3318610798937644417/
分辨率问题,吴哥制裁你,0,\u5144\u5f1f\u4eec\uff0c\u4e3a\u4ec0\u4e48\u6211\u5f00\u4e0d\u4e861080p\uff0c\u6211\u7684\u7535\u8111\u662f\u652f\u63011080p\u7684,https://steamcommunity.com/app/521890/discussions/1/3318610798937644915/
НЕ ЗАПУСКАЕТСЯ HELLO NEIGHBOR,Barone_DiceBro,1,\u041f\u0440\u0438 \u0437\u0430\u043f\u0443\u0441\u043a\u0435 Hello neighbor \u0437\u0430\u043f\u0443\u0441\u043a\u0430\u0435\u0442\u0441\u044f \u044d\u043a\u0440\u0430\u043d \u0447\u0430\u0441\u043e\u0432(\u0437\u0430\u0433\u0440\u0443\u0437\u043a\u0430) \u0438 \u0438\u0433\u0440\u0430 \u0432\u044b\u043b\u0435\u0442\u0430\u0435\u0442,https://steamcommunity.com/app/521890/discussions/1/3777994452124869685/
"Stuck at ""Press Enter to continue""",YardGnomeNinja,16,I've verified local files to no avail. I've tried pushing every other button on the keyboard out of frustration and nothing happens. Any suggestions?,https://steamcommunity.com/app/521890/discussions/1/6266252158287825794/
Hello Neighbor loading screen freezes,GhostingOdyssey,11,Hey guys when  the menu loads up it freezes at the loading screen menu. Does anyone have the same problem? Any solutions?,https://steamcommunity.com/app/521890/discussions/1/3880471364310095924/
